year,geo_name,geo,nativity_foreign,nativity_foreign_18to24,nativity_foreign_18to24_moe,nativity_foreign_25to34,nativity_foreign_25to34_moe,nativity_foreign_35to44,nativity_foreign_35to44_moe,nativity_foreign_45to54,nativity_foreign_45to54_moe,nativity_foreign_55to59,nativity_foreign_55to59_moe,nativity_foreign_5to17,nativity_foreign_5to17_moe,nativity_foreign_60to61,nativity_foreign_60to61_moe,nativity_foreign_62to64,nativity_foreign_62to64_moe,nativity_foreign_65to74,nativity_foreign_65to74_moe,nativity_foreign_75over,nativity_foreign_75over_moe,nativity_foreign_moe,nativity_foreign_under5,nativity_foreign_under5_moe,nativity_us,nativity_us_moe,nativity_us_under5,nativity_us_under5_moe,nativity_us_5to17,nativity_us_5to17_moe,nativity_us_18to24,nativity_us_18to24_moe,nativity_us_25to34,nativity_us_25to34_moe,nativity_us_35to44,nativity_us_35to44_moe,nativity_us_45to54,nativity_us_45to54_moe,nativity_us_55to59,nativity_us_55to59_moe,nativity_us_60to61,nativity_us_60to61_moe,nativity_us_62to64,nativity_us_62to64_moe,nativity_us_65to74,nativity_us_65to74_moe,nativity_us_75over,nativity_us_75over_moe
2013,"Ann Arbor, MI","16000US2603000",32.7,4629.0,487.0,5257.0,409.0,3578.0,394.0,1951.0,225.0,870.0,167.0,1188.0,243.0,200.0,85.0,439.0,131.0,856.0,177.0,877.0,169.0,0.9,214.0,87.0,26.2,0.5,4622.0,381.15,10731.0,555.239,29984.0,1170.14,14547.0,781.863,7868.0,533.04,8928.0,564.358,4760.0,410.23,1872.0,250.292,2300.0,280.162,5303.0,437.304,4357.0,350.076
2014,"Ann Arbor, MI","16000US2603000",33.0,4643.0,487.0,5023.0,342.0,3712.0,345.0,2078.0,270.0,936.0,194.0,1306.0,236.0,244.0,92.0,397.0,112.0,930.0,168.0,955.0,162.0,0.8,284.0,110.0,26.5,0.5,4734.0,352.928,10344.0,548.229,29526.0,1266.11,15217.0,771.06,7562.0,500.962,8710.0,624.533,5011.0,394.022,1927.0,238.099,2479.0,271.413,5457.0,415.916,4510.0,391.078
2015,"Ann Arbor, MI","16000US2603000",33.3,4888.0,414.0,4853.0,390.0,3837.0,342.0,2132.0,251.0,892.0,180.0,1239.0,261.0,262.0,92.0,369.0,123.0,1097.0,176.0,949.0,154.0,0.6,244.0,94.0,26.4,0.4,4803.0,390.788,9957.0,646.207,30099.0,1177.63,15411.0,783.123,7148.0,477.697,8217.0,540.815,4876.0,345.346,1961.0,248.31,2465.0,291.686,5778.0,405.69,4717.0,354.164
2016,"Ann Arbor, MI","16000US2603000",33.3,5450.0,435.0,4460.0,358.0,3756.0,346.0,2361.0,292.0,943.0,199.0,1234.0,276.0,311.0,110.0,305.0,91.0,1090.0,197.0,1068.0,173.0,0.9,188.0,78.0,26.2,0.5,4733.0,448.774,10215.0,601.516,31125.0,1317.3,15184.0,788.011,7406.0,515.323,8228.0,594.213,4521.0,372.207,2070.0,258.515,2595.0,255.251,6093.0,404.052,4751.0,370.03
